Employee Name,Employee Number,State,Zip,DOB,Age,Sex,MaritalDesc,CitizenDesc,Hispanic/Latino,RaceDesc,Date of Hire,Date of Termination,Reason For Term,Employment Status,Department,Position,Pay Rate,Manager Name,Employee Source,Performance Score,
"Singh, Nan ",1307059817,MA,2330,5/19/1988,29,Female,Single,US Citizen,No,White,5/1/2015,,N/A - still employed,Active,Admin Offices,Administrative Assistant,16.56,Brandon R. LeBlanc,Website Banner Ads,N/A- too early to review,
"Smith, Leigh Ann",711007713,MA,1844,6/14/1987,30,Female,Married,US Citizen,No,Asian,9/26/2011,9/25/2013,career change,Voluntarily Terminated,Admin Offices,Administrative Assistant,20.5,Brandon R. LeBlanc,Diversity Job Fair,Fully Meets,
"Boutwell, Bonalyn",1307060188,MA,2468,4/4/1987,30,Female,Married,US Citizen,No,Asian,2/16/2015,,N/A - still employed,Active,Admin Offices,Sr. Accountant,34.95,Brandon R. LeBlanc,Diversity Job Fair,90-day meets,
"Murray, Thomas",1406068403,TX,78230,7/4/1988,29,Male,Divorced,US Citizen,No,Black or African American,11/10/2014,,N/A - still employed,Active,IT/IS,Database Administrator,35.5,Simon Roup,Diversity Job Fair,Exceptional,
"Salter, Jason",1111030148,MA,2452,12/17/1987,30,Male,Divorced,US Citizen,No,Black or African American,1/5/2015,10/31/2015,hours,Voluntarily Terminated,IT/IS,Database Administrator,45,Simon Roup,Vendor Referral,90-day meets,
"Lindsay, Leonara ",602000312,CT,6070,10/5/1988,29,Female,Single,US Citizen,Yes,Two or more races,1/21/2011,,N/A - still employed,Active,IT/IS,IT Support,26,Eric Dougall,Diversity Job Fair,Exceeds,
"Bacong, Alejandro ",1212052023,MA,1886,1/7/1988,30,Male,Divorced,US Citizen,No,White,1/5/2015,,N/A - still employed,Active,IT/IS,Network Engineer,45,Peter Monroe,Glassdoor,90-day meets,
"Cisco, Anthony",1102024173,MA,2135,11/24/1989,28,Male,Married,US Citizen,Yes,White,3/30/2015,,N/A - still employed,Active,IT/IS,Network Engineer,42,Peter Monroe,Information Session,N/A- too early to review,
"Dolan, Linda",1101023540,MA,2119,7/18/1988,29,Female,Married,US Citizen,No,White,1/5/2015,,N/A - still employed,Active,IT/IS,Network Engineer,37,Peter Monroe,Employee Referral,90-day meets,
"Merlos, Carlos",1012023013,MA,2138,6/18/1987,30,Male,Single,US Citizen,No,White,3/30/2015,,N/A - still employed,Active,IT/IS,Network Engineer,43,Peter Monroe,Vendor Referral,N/A- too early to review,
"Tredinnick, Neville ",1104025466,MA,1420,5/5/1988,29,Male,Married,US Citizen,No,White,1/5/2015,5/12/2015,medical issues,Voluntarily Terminated,IT/IS,Network Engineer,28,Peter Monroe,Monster.com,Fully Meets,
"Alagbe,Trina",1011022883,MA,1886,9/27/1988,29,Female,Married,US Citizen,No,White,1/7/2008,,N/A - still employed,Active,Production       ,Production Technician I,21,Elijiah Gray,Billboard,Fully Meets,
"Anderson, Carol ",1001417624,MA,2169,9/8/1989,28,Female,Divorced,US Citizen,No,White,7/11/2011,9/6/2011,return to school,Voluntarily Terminated,Production       ,Production Technician I,16,Webster Butler,Word of Mouth,N/A- too early to review,
"Billis, Helen",1308060366,MA,2031,9/1/1989,28,Female,Married,US Citizen,No,White,7/7/2014,,N/A - still employed,Active,Production       ,Production Technician I,16,Brannon Miller,Professional Society,Exceeds,
"Brill, Donna",1406068293,MA,1701,8/24/1990,27,Female,Married,US Citizen,No,White,4/2/2012,6/15/2013,Another position,Voluntarily Terminated,Production       ,Production Technician I,20,David Stanley,Search Engine - Google Bing Yahoo,Fully Meets,
"Cierpiszewski, Caroline  ",1012023295,MA,2044,5/31/1988,29,Female,Single,Non-Citizen,No,Black or African American,10/3/2011,,N/A - still employed,Active,Production       ,Production Technician I,22,Ketsia Liebig,Pay Per Click - Google,Fully Meets,
"Crimmings,   Jean",1311063172,MA,1821,4/10/1987,30,Female,Single,US Citizen,No,White,7/6/2016,,N/A - Has not started yet,Future Start,Production       ,Production Technician I,19.75,Michael Albert,Newspager/Magazine,N/A- too early to review,
"Eaton, Marianne",1406067865,MA,2343,9/5/1991,26,Female,Married,US Citizen,No,White,4/4/2011,6/6/2013,military,Voluntarily Terminated,Production       ,Production Technician I,17,Kissy Sullivan,Search Engine - Google Bing Yahoo,Fully Meets,
"Evensen, April",1107027392,MA,2458,5/6/1989,28,Female,Single,US Citizen,No,White,2/17/2014,2/25/2014,"no-call, no-show",Terminated for Cause,Production       ,Production Technician I,18,Elijiah Gray,Word of Mouth,N/A- too early to review,
"Fernandes, Nilson  ",1302053339,MA,2132,10/18/1989,28,Male,Married,US Citizen,No,White,5/11/2015,,N/A - still employed,Active,Production       ,Production Technician I,18,Amy Dunn,Professional Society,N/A- too early to review,
"Gentry, Mildred",1501072192,MA,2145,10/1/1990,27,Female,Married,US Citizen,No,Black or African American,3/30/2015,,N/A - still employed,Active,Production       ,Production Technician I,19,Michael Albert,Professional Society,N/A- too early to review,
"Gold, Shenice  ",1408069539,MA,2451,6/18/1992,25,Female,Single,US Citizen,Yes,White,11/11/2013,,N/A - still employed,Active,Production       ,Production Technician I,17,Ketsia Liebig,Glassdoor,Fully Meets,
"Ivey, Rose ",1408069882,MA,1775,1/28/1991,27,Female,Single,US Citizen,No,White,8/19/2013,,N/A - still employed,Active,Production       ,Production Technician I,16,Brannon Miller,Professional Society,Fully Meets,
"Ndzi, Colombui",1204033041,MA,2110,5/2/1989,28,Male,Single,US Citizen,No,Black or African American,9/26/2011,4/4/2014,return to school,Voluntarily Terminated,Production       ,Production Technician I,18,Webster Butler,Diversity Job Fair,Fully Meets,
"Pelech, Emil",1307060058,MA,2458,3/17/1988,29,Male,Single,US Citizen,No,Black or African American,1/10/2011,12/28/2012,career change,Voluntarily Terminated,Production       ,Production Technician I,24,Webster Butler,Search Engine - Google Bing Yahoo,Needs Improvement,
"Pham, Hong",1305057440,MA,2451,3/6/1988,29,Male,Married,US Citizen,No,White,7/5/2011,11/30/2012,more money,Voluntarily Terminated,Production       ,Production Technician I,18,Brannon Miller,Search Engine - Google Bing Yahoo,Fully Meets,
"Rossetti, Bruno",1405067492,MA,2155,3/18/1987,30,Male,Single,US Citizen,No,White,4/4/2011,8/13/2012,Another position,Voluntarily Terminated,Production       ,Production Technician I,18,Kissy Sullivan,Search Engine - Google Bing Yahoo,Fully Meets,
"Sander, Kamrin",1302053362,MA,2154,7/10/1988,29,Female,Married,US Citizen,No,Black or African American,9/29/2014,,N/A - still employed,Active,Production       ,Production Technician I,21,Elijiah Gray,On-campus Recruiting,Fully Meets,
"Veera, Abdellah ",1203032235,MA,2171,1/31/1987,30,Male,Divorced,US Citizen,No,White,8/13/2012,2/5/2016,maternity leave - did not return,Voluntarily Terminated,Production       ,Production Technician I,19,Kissy Sullivan,Information Session,Exceeds,
"Whittier, Scott",1307060212,MA,2030,5/24/1987,30,Male,Single,US Citizen,Yes,White,1/10/2011,5/15/2011,hours,Voluntarily Terminated,Production       ,Production Technician I,23,Webster Butler,Newspager/Magazine,90-day meets,
"Akinkuolie, Sarah",1005019209,MA,1810,9/19/1988,29,Female,Married,US Citizen,No,White,7/5/2011,9/24/2012,hours,Voluntarily Terminated,Production       ,Production Technician II,29,Kissy Sullivan,Newspager/Magazine,90-day meets,
"Blount, Dianna",1403066125,MA,2171,9/21/1990,27,Female,Single,US Citizen,No,White,4/4/2011,,N/A - still employed,Active,Production       ,Production Technician II,27,Michael Albert,Monster.com,Needs Improvement,
"Erilus, Angela",1105025661,MA,2133,8/25/1989,28,Female,Separated,US Citizen,No,White,7/7/2014,,N/A - still employed,Active,Production       ,Production Technician II,24,Michael Albert,Pay Per Click - Google,PIP,
"Fancett, Nicole",1402065085,MA,2324,9/27/1987,30,Female,Single,US Citizen,No,Black or African American,2/17/2014,,N/A - still employed,Active,Production       ,Production Technician II,24,Webster Butler,Newspager/Magazine,Fully Meets,
"Hankard, Earnest",1307059937,MA,2155,8/10/1988,29,Male,Single,US Citizen,Yes,White,11/11/2013,,N/A - still employed,Active,Production       ,Production Technician II,24,Kelley Spirea,Newspager/Magazine,Fully Meets,
"Hutter, Rosalie",1103024924,MA,2351,5/7/1992,25,Female,Separated,US Citizen,No,White,6/5/2015,,N/A - Has not started yet,Future Start,Production       ,Production Technician II,28,Webster Butler,Other,N/A- too early to review,
"McCarthy, Brigit",1406067957,MA,2149,5/21/1987,30,Female,Single,US Citizen,No,White,3/30/2015,,N/A - still employed,Active,Production       ,Production Technician II,26,Ketsia Liebig,Newspager/Magazine,N/A- too early to review,
"Monkfish, Erasumus  ",1404066711,MA,1450,8/17/1992,25,Male,Married,US Citizen,No,White,11/7/2011,,N/A - still employed,Active,Production       ,Production Technician II,27,David Stanley,Professional Society,Fully Meets,
"Pelletier, Ermine",1202031821,MA,2472,7/18/1989,28,Female,Married,US Citizen,No,Asian,7/5/2011,9/15/2011,unhappy,Voluntarily Terminated,Production       ,Production Technician II,28,Amy Dunn,Monster.com,N/A- too early to review,
"Sloan, Constance",1012023103,MA,1851,11/25/1987,30,Female,Single,US Citizen,No,White,10/26/2009,4/8/2015,maternity leave - did not return,Voluntarily Terminated,Production       ,Production Technician II,23,Michael Albert,Monster.com,Fully Meets,
"Costa, Latia",1409070567,CA,90007,11/8/1988,29,Female,Single,US Citizen,No,White,1/10/2011,,N/A - still employed,Active,Sales,Area Sales Manager,55,Lynn Daneault,Other,Exceeds,
"Dietrich, Jenna  ",1408069481,WA,98052,5/14/1987,30,Female,Single,US Citizen,Yes,White,2/20/2012,,N/A - still employed,Active,Sales,Area Sales Manager,55,John Smith,Website Banner Ads,PIP,
"Digitale, Alfred",1306059197,NH,3062,9/14/1988,29,Male,Married,US Citizen,No,American Indian or Alaska Native,8/18/2014,,N/A - still employed,Active,Sales,Area Sales Manager,56,John Smith,Pay Per Click - Google,Fully Meets,
"Givens, Myriam",1203032099,IN,46204,9/22/1989,28,Female,Single,US Citizen,No,White,2/16/2015,,N/A - still employed,Active,Sales,Area Sales Manager,55,Lynn Daneault,Pay Per Click - Google,90-day meets,
"Leruth, Giovanni",1412071660,UT,84111,12/27/1988,29,Male,Separated,US Citizen,No,Black or African American,4/30/2012,,N/A - still employed,Active,Sales,Area Sales Manager,55,John Smith,Website Banner Ads,Fully Meets,
"Nguyen, Dheepa",1111030684,GA,30428,3/31/1989,28,Female,Single,US Citizen,No,Two or more races,7/8/2013,,N/A - still employed,Active,Sales,Area Sales Manager,55,Lynn Daneault,Pay Per Click - Google,Fully Meets,
"Onque, Jasmine",1501072180,FL,33174,5/11/1990,27,Female,Single,US Citizen,Yes,White,9/30/2013,,N/A - still employed,Active,Sales,Area Sales Manager,57,Lynn Daneault,Pay Per Click - Google,Fully Meets,
"Potts, Xana",1102024106,KY,40220,8/29/1988,29,Female,Married,US Citizen,No,Black or African American,1/9/2012,,N/A - still employed,Active,Sales,Area Sales Manager,55,Lynn Daneault,Website Banner Ads,Fully Meets,
"Strong, Caitrin",1411071295,MT,59102,5/12/1989,28,Female,Married,US Citizen,No,Black or African American,9/27/2010,,N/A - still employed,Active,Sales,Area Sales Manager,54,John Smith,Professional Society,Fully Meets,
"Valentin,Jackie",1312063714,AZ,85006,5/23/1991,26,Female,Married,US Citizen,No,Two or more races,7/5/2011,,N/A - still employed,Active,Sales,Area Sales Manager,55,John Smith,Other,Fully Meets,
"Villanueva, Noah",1111030503,ME,4063,7/11/1989,28,Male,Single,US Citizen,No,Asian,3/5/2012,,N/A - still employed,Active,Sales,Area Sales Manager,56,John Smith,Website Banner Ads,Fully Meets,
"Daneault, Lynn",1402065303,VT,5473,4/19/1990,27,Female,Single,US Citizen,No,White,5/5/2014,,N/A - still employed,Active,Sales,Sales Manager,54,Debra Houlihan,Pay Per Click - Google,Fully Meets,
"Kampew, Donysha    ",1109029264,PA,19444,11/11/1989,28,Female,Single,US Citizen,No,White,11/7/2011,4/24/2014,maternity leave - did not return,Voluntarily Terminated,Sales,Sales Manager,60.25,Debra Houlihan,Social Networks - Facebook Twitter etc,Fully Meets,
"Carabbio, Judith",1101023577,MA,2132,4/5/1987,30,Female,Single,US Citizen,No,White,11/11/2013,,N/A - still employed,Active,Software Engineering,Software Engineer,56,Alex Sweetwater,Pay Per Click - Google,90-day meets,
"Exantus, Susan",1401064670,MA,1749,5/15/1987,30,Female,Married,US Citizen,No,Black or African American,5/2/2011,6/5/2013,attendance,Terminated for Cause,Software Engineering,Software Engineer,48.5,Alex Sweetwater,Billboard,Needs Improvement,
"Martin, Sandra",1303054625,MA,2135,11/7/1987,30,Female,Separated,US Citizen,No,Asian,11/11/2013,,N/A - still employed,Active,Software Engineering,Software Engineer,55.51,Alex Sweetwater,Search Engine - Google Bing Yahoo,Fully Meets,
